{
  "$schema": "https://schema.management.azure.com/schemas/2015-01-01/deploymentTemplate.json#",
  "contentVersion": "1.0.0.0",
  "parameters": {
    "vmName": {
      "type": "string",
      "defaultValue": "vmname",
      "minLength": 1,
      "metadata": {
        "description": "vmName for the Virtual Machine."
      }
    },
    "DiskCount": {
      "type": "string",
      "allowedValues": [
        "0",
        "1",
        "2",
        "3",
        "4",
        "5",
        "6",
        "7",
        "8",
        "9",
        "10",
        "11",
        "12",
        "13",
        "14",
        "15",
        "16"
      ],
      "defaultValue": "0",
      "metadata": {
        "description": "Number of Disks for vm."
      }
    },
    "userImageStorageAccountName": {
      "type": "string",
      "defaultValue": "userImageStorageAccountName",
      "minLength": 1,
      "metadata": {
        "description": "Local storageaccount for the Virtual Machine."
      }
    },
    "diskCaching": {
      "type": "string",
      "defaultValue": "None",
      "allowedValues": [
        "None",
        "ReadOnly",
        "ReadWrite"
      ],
      "metadata": {
        "description": "Caching type for the data disks"
      }
    },
    "DiskSizeGB": {
      "type": "int",
      "defaultValue": 200,
      "maxValue":  1024,
      "metadata": {
        "Description": "Azure VM size of the VM"
      }
    }
  },
  "variables": {
    "vmStorageAccountContainerName": "vhds",
    "disksArray": {
      "0":  "[variables('dataDisks')['0']]",
      "1": "[variables('dataDisks')['1']]",
      "2": "[concat(variables('dataDisks')['1'], variables('dataDisks')['2'])]",
      "3": "[concat(variables('dataDisks')['1'], variables('dataDisks')['2'], variables('dataDisks')['3'])]",
      "4": "[variables('diskDeltas')['4delta']]",
      "5": "[concat(variables('diskDeltas')['4delta'], variables('dataDisks')['5'])]",
      "6": "[concat(variables('diskDeltas')['4delta'], variables('dataDisks')['5'], variables('dataDisks')['6'])]",
      "7": "[concat(variables('diskDeltas')['4delta'], variables('dataDisks')['5'], variables('dataDisks')['6'], variables('dataDisks')['7'])]",
      "8": "[concat(variables('diskDeltas')['4delta'], variables('diskDeltas')['8delta'])]",
      "9": "[concat(variables('diskDeltas')['4delta'], variables('diskDeltas')['8delta'], variables('dataDisks')['9'])]",
      "10": "[concat(variables('diskDeltas')['4delta'], variables('diskDeltas')['8delta'], variables('dataDisks')['9'], variables('dataDisks')['10'])]",
      "11": "[concat(variables('diskDeltas')['4delta'], variables('diskDeltas')['8delta'], variables('dataDisks')['9'], variables('dataDisks')['10'], variables('dataDisks')['11'])]",
      "12": "[concat(variables('diskDeltas')['4delta'], variables('diskDeltas')['8delta'], variables('diskDeltas')['12delta'])]",
      "13": "[concat(variables('diskDeltas')['4delta'], variables('diskDeltas')['8delta'], variables('diskDeltas')['12delta'], variables('dataDisks')['13'])]",
      "14": "[concat(variables('diskDeltas')['4delta'], variables('diskDeltas')['8delta'], variables('diskDeltas')['12delta'], variables('dataDisks')['13'], variables('dataDisks')['14'])]",
      "15": "[concat(variables('diskDeltas')['4delta'], variables('diskDeltas')['8delta'], variables('diskDeltas')['12delta'], variables('dataDisks')['13'], variables('dataDisks')['14'], variables('dataDisks')['15'])]",
      "16": "[concat(variables('diskDeltas')['4delta'], variables('diskDeltas')['8delta'], variables('diskDeltas')['12delta'], variables('diskDeltas')['16delta'])]",
      "32": "[concat(variables('diskDeltas')['4delta'], variables('diskDeltas')['8delta'], variables('diskDeltas')['12delta'], variables('diskDeltas')['16delta'], variables('diskDeltas')['32delta'])]",
      "64": "[concat(variables('diskDeltas')['4delta'], variables('diskDeltas')['8delta'], variables('diskDeltas')['12delta'], variables('diskDeltas')['16delta'], variables('diskDeltas')['32delta'], variables('diskDeltas')['64delta'])]"
    },
    "diskDeltas": {
      "4delta": [
        "[variables('dataDisks')['1'][0]]",
        "[variables('dataDisks')['2'][0]]",
        "[variables('dataDisks')['3'][0]]",
        "[variables('dataDisks')['4'][0]]"
      ],
      "8delta": [
        "[variables('dataDisks')['5'][0]]",
        "[variables('dataDisks')['6'][0]]",
        "[variables('dataDisks')['7'][0]]",
        "[variables('dataDisks')['8'][0]]"
      ],
      "12delta": [
        "[variables('dataDisks')['9'][0]]",
        "[variables('dataDisks')['10'][0]]",
        "[variables('dataDisks')['11'][0]]",
        "[variables('dataDisks')['12'][0]]"
      ],
      "16delta": [
        "[variables('dataDisks')['13'][0]]",
        "[variables('dataDisks')['14'][0]]",
        "[variables('dataDisks')['15'][0]]",
        "[variables('dataDisks')['16'][0]]"
      ],
      "32delta": [
        "[variables('dataDisks')['17'][0]]",
        "[variables('dataDisks')['18'][0]]",
        "[variables('dataDisks')['19'][0]]",
        "[variables('dataDisks')['20'][0]]",
        "[variables('dataDisks')['21'][0]]",
        "[variables('dataDisks')['22'][0]]",
        "[variables('dataDisks')['23'][0]]",
        "[variables('dataDisks')['24'][0]]",
        "[variables('dataDisks')['25'][0]]",
        "[variables('dataDisks')['26'][0]]",
        "[variables('dataDisks')['27'][0]]",
        "[variables('dataDisks')['28'][0]]",
        "[variables('dataDisks')['29'][0]]",
        "[variables('dataDisks')['30'][0]]",
        "[variables('dataDisks')['31'][0]]",
        "[variables('dataDisks')['32'][0]]"
      ],
      "64delta": [
        "[variables('dataDisks')['33'][0]]",
        "[variables('dataDisks')['34'][0]]",
        "[variables('dataDisks')['35'][0]]",
        "[variables('dataDisks')['36'][0]]",
        "[variables('dataDisks')['37'][0]]",
        "[variables('dataDisks')['38'][0]]",
        "[variables('dataDisks')['39'][0]]",
        "[variables('dataDisks')['40'][0]]",
        "[variables('dataDisks')['41'][0]]",
        "[variables('dataDisks')['42'][0]]",
        "[variables('dataDisks')['43'][0]]",
        "[variables('dataDisks')['44'][0]]",
        "[variables('dataDisks')['45'][0]]",
        "[variables('dataDisks')['46'][0]]",
        "[variables('dataDisks')['47'][0]]",
        "[variables('dataDisks')['48'][0]]",
        "[variables('dataDisks')['49'][0]]",
        "[variables('dataDisks')['50'][0]]",
        "[variables('dataDisks')['51'][0]]",
        "[variables('dataDisks')['52'][0]]",
        "[variables('dataDisks')['53'][0]]",
        "[variables('dataDisks')['54'][0]]",
        "[variables('dataDisks')['55'][0]]",
        "[variables('dataDisks')['56'][0]]",
        "[variables('dataDisks')['57'][0]]",
        "[variables('dataDisks')['58'][0]]",
        "[variables('dataDisks')['59'][0]]",
        "[variables('dataDisks')['60'][0]]",
        "[variables('dataDisks')['61'][0]]",
        "[variables('dataDisks')['62'][0]]",
        "[variables('dataDisks')['63'][0]]",
        "[variables('dataDisks')['64'][0]]"
      ]
    },
    "dataDisks": {
      "0": [ ],
      "1": [
        {
          "name": "[concat(parameters('vmName'),'-DataDisk1')]",
          "lun": 0,
          "vhd": {
            "uri": "[concat('http://', parameters('userImageStorageAccountName'),'.blob.core.windows.net/vhds/',parameters('vmName'), 'datadisk1.vhd')]"
          },
          "createOption": "Empty",
          "caching": "[parameters('diskCaching')]",
          "diskSizeGB": "[parameters('diskSizeGB')]"
        }
      ],
      "2": [
        {
          "name": "[concat(parameters('vmName'),'-DataDisk2')]",
          "lun": 1,
          "vhd": {
            "uri": "[concat('http://', parameters('userImageStorageAccountName'),'.blob.core.windows.net/vhds/',parameters('vmName'), 'datadisk2.vhd')]"
          },
          "createOption": "Empty",
          "caching": "[parameters('diskCaching')]",
          "diskSizeGB": "[parameters('diskSizeGB')]"
        }
      ],
      "3": [
        {
          "name": "[concat(parameters('vmName'),'-DataDisk3')]",
          "lun": 2,
          "vhd": {
            "uri": "[concat('http://', parameters('userImageStorageAccountName'),'.blob.core.windows.net/vhds/',parameters('vmName'), 'datadisk3.vhd')]"
          },
          "createOption": "Empty",
          "caching": "[parameters('diskCaching')]",
          "diskSizeGB": "[parameters('diskSizeGB')]"
        }
      ],
      "4": [
        {
          "name": "[concat(parameters('vmName'),'-DataDisk4')]",
          "lun": 3,
          "vhd": {
            "uri": "[concat('http://', parameters('userImageStorageAccountName'),'.blob.core.windows.net/vhds/',parameters('vmName'), 'datadisk4.vhd')]"
          },
          "createOption": "Empty",
          "caching": "[parameters('diskCaching')]",
          "diskSizeGB": "[parameters('diskSizeGB')]"
        }
      ],
      "5": [
        {
          "name": "[concat(parameters('vmName'),'-DataDisk5')]",
          "lun": 4,
          "vhd": {
            "uri": "[concat('http://', parameters('userImageStorageAccountName'),'.blob.core.windows.net/vhds/',parameters('vmName'), 'datadisk5.vhd')]"
          },
          "createOption": "Empty",
          "caching": "[parameters('diskCaching')]",
          "diskSizeGB": "[parameters('diskSizeGB')]"
        }
      ],
      "6": [
        {
          "name": "[concat(parameters('vmName'),'-DataDisk6')]",
          "lun": 5,
          "vhd": {
            "uri": "[concat('http://', parameters('userImageStorageAccountName'),'.blob.core.windows.net/vhds/',parameters('vmName'), 'datadisk6.vhd')]"
          },
          "createOption": "Empty",
          "caching": "[parameters('diskCaching')]",
          "diskSizeGB": "[parameters('diskSizeGB')]"
        }
      ],
      "7": [
        {
          "name": "[concat(parameters('vmName'),'-DataDisk7')]",
          "lun": 6,
          "vhd": {
            "uri": "[concat('http://', parameters('userImageStorageAccountName'),'.blob.core.windows.net/vhds/',parameters('vmName'), 'datadisk7.vhd')]"
          },
          "createOption": "Empty",
          "caching": "[parameters('diskCaching')]",
          "diskSizeGB": "[parameters('diskSizeGB')]"
        }
      ],
      "8": [
        {
          "name": "[concat(parameters('vmName'),'-DataDisk8')]",
          "lun": 7,
          "vhd": {
            "uri": "[concat('http://', parameters('userImageStorageAccountName'),'.blob.core.windows.net/vhds/',parameters('vmName'), 'datadisk8.vhd')]"
          },
          "createOption": "Empty",
          "caching": "[parameters('diskCaching')]",
          "diskSizeGB": "[parameters('diskSizeGB')]"
        }
      ],
      "9": [
        {
          "name": "[concat(parameters('vmName'),'-DataDisk9')]",
          "lun": 8,
          "vhd": {
            "uri": "[concat('http://', parameters('userImageStorageAccountName'),'.blob.core.windows.net/vhds/',parameters('vmName'), 'datadisk9.vhd')]"
          },
          "createOption": "Empty",
          "caching": "[parameters('diskCaching')]",
          "diskSizeGB": "[parameters('diskSizeGB')]"
        }
      ],
      "10": [
        {
          "name": "[concat(parameters('vmName'),'-DataDisk10')]",
          "lun": 9,
          "vhd": {
            "uri": "[concat('http://', parameters('userImageStorageAccountName'),'.blob.core.windows.net/vhds/',parameters('vmName'), 'datadisk10.vhd')]"
          },
          "createOption": "Empty",
          "caching": "[parameters('diskCaching')]",
          "diskSizeGB": "[parameters('diskSizeGB')]"
        }
      ],
      "11": [
        {
          "name": "[concat(parameters('vmName'),'-DataDisk11')]",
          "lun": 10,
          "vhd": {
            "uri": "[concat('http://', parameters('userImageStorageAccountName'),'.blob.core.windows.net/vhds/',parameters('vmName'), 'datadisk11.vhd')]"
          },
          "createOption": "Empty",
          "caching": "[parameters('diskCaching')]",
          "diskSizeGB": "[parameters('diskSizeGB')]"
        }
      ],
      "12": [
        {
          "name": "[concat(parameters('vmName'),'-DataDisk12')]",
          "lun": 11,
          "vhd": {
            "uri": "[concat('http://', parameters('userImageStorageAccountName'),'.blob.core.windows.net/vhds/',parameters('vmName'), 'datadisk12.vhd')]"
          },
          "createOption": "Empty",
          "caching": "[parameters('diskCaching')]",
          "diskSizeGB": "[parameters('diskSizeGB')]"
        }
      ],
      "13": [
        {
          "name": "[concat(parameters('vmName'),'-DataDisk13')]",
          "lun": 12,
          "vhd": {
            "uri": "[concat('http://', parameters('userImageStorageAccountName'),'.blob.core.windows.net/vhds/',parameters('vmName'), 'datadisk13.vhd')]"
          },
          "createOption": "Empty",
          "caching": "[parameters('diskCaching')]",
          "diskSizeGB": "[parameters('diskSizeGB')]"
        }
      ],
      "14": [
        {
          "name": "[concat(parameters('vmName'),'-DataDisk14')]",
          "lun": 13,
          "vhd": {
            "uri": "[concat('http://', parameters('userImageStorageAccountName'),'.blob.core.windows.net/vhds/',parameters('vmName'), 'datadisk14.vhd')]"
          },
          "createOption": "Empty",
          "caching": "[parameters('diskCaching')]",
          "diskSizeGB": "[parameters('diskSizeGB')]"
        }
      ],
      "15": [
        {
          "name": "[concat(parameters('vmName'),'-DataDisk15')]",
          "lun": 14,
          "vhd": {
            "uri": "[concat('http://', parameters('userImageStorageAccountName'),'.blob.core.windows.net/vhds/',parameters('vmName'), 'datadisk15.vhd')]"
          },
          "createOption": "Empty",
          "caching": "[parameters('diskCaching')]",
          "diskSizeGB": "[parameters('diskSizeGB')]"
        }
      ],
      "16": [
        {
          "name": "[concat(parameters('vmName'),'-DataDisk16')]",
          "lun": 15,
          "vhd": {
            "uri": "[concat('http://', parameters('userImageStorageAccountName'),'.blob.core.windows.net/vhds/',parameters('vmName'), 'datadisk16.vhd')]"
          },
          "createOption": "Empty",
          "caching": "[parameters('diskCaching')]",
          "diskSizeGB": "[parameters('diskSizeGB')]"
        }
      ],
      "17": [
        {
          "name": "[concat(parameters('vmName'),'-DataDisk17')]",
          "lun": 16,
          "vhd": {
            "uri": "[concat('http://', parameters('userImageStorageAccountName'),'.blob.core.windows.net/vhds/',parameters('vmName'), 'datadisk17.vhd')]"
          },
          "createOption": "Empty",
          "caching": "[parameters('diskCaching')]",
          "diskSizeGB": "[parameters('diskSizeGB')]"
        }
      ],
      "18": [
        {
          "name": "[concat(parameters('vmName'),'-DataDisk18')]",
          "lun": 17,
          "vhd": {
            "uri": "[concat('http://', parameters('userImageStorageAccountName'),'.blob.core.windows.net/vhds/',parameters('vmName'), 'datadisk18.vhd')]"
          },
          "createOption": "Empty",
          "caching": "[parameters('diskCaching')]",
          "diskSizeGB": "[parameters('diskSizeGB')]"
        }
      ],
      "19": [
        {
          "name": "[concat(parameters('vmName'),'-DataDisk19')]",
          "lun": 18,
          "vhd": {
            "uri": "[concat('http://', parameters('userImageStorageAccountName'),'.blob.core.windows.net/vhds/',parameters('vmName'), 'datadisk19.vhd')]"
          },
          "createOption": "Empty",
          "caching": "[parameters('diskCaching')]",
          "diskSizeGB": "[parameters('diskSizeGB')]"
        }
      ],
      "20": [
        {
          "name": "[concat(parameters('vmName'),'-DataDisk20')]",
          "lun": 19,
          "vhd": {
            "uri": "[concat('http://', parameters('userImageStorageAccountName'),'.blob.core.windows.net/vhds/',parameters('vmName'), 'datadisk20.vhd')]"
          },
          "createOption": "Empty",
          "caching": "[parameters('diskCaching')]",
          "diskSizeGB": "[parameters('diskSizeGB')]"
        }
      ],
      "21": [
        {
          "name": "[concat(parameters('vmName'),'-DataDisk21')]",
          "lun": 20,
          "vhd": {
            "uri": "[concat('http://', parameters('userImageStorageAccountName'),'.blob.core.windows.net/vhds/',parameters('vmName'), 'datadisk21.vhd')]"
          },
          "createOption": "Empty",
          "caching": "[parameters('diskCaching')]",
          "diskSizeGB": "[parameters('diskSizeGB')]"
        }
      ],
      "22": [
        {
          "name": "[concat(parameters('vmName'),'-DataDisk22')]",
          "lun": 21,
          "vhd": {
            "uri": "[concat('http://', parameters('userImageStorageAccountName'),'.blob.core.windows.net/vhds/',parameters('vmName'), 'datadisk22.vhd')]"
          },
          "createOption": "Empty",
          "caching": "[parameters('diskCaching')]",
          "diskSizeGB": "[parameters('diskSizeGB')]"
        }
      ],
      "23": [
        {
          "name": "[concat(parameters('vmName'),'-DataDisk23')]",
          "lun": 22,
          "vhd": {
            "uri": "[concat('http://', parameters('userImageStorageAccountName'),'.blob.core.windows.net/vhds/',parameters('vmName'), 'datadisk23.vhd')]"
          },
          "createOption": "Empty",
          "caching": "[parameters('diskCaching')]",
          "diskSizeGB": "[parameters('diskSizeGB')]"
        }
      ],
      "24": [
        {
          "name": "[concat(parameters('vmName'),'-DataDisk24')]",
          "lun": 23,
          "vhd": {
            "uri": "[concat('http://', parameters('userImageStorageAccountName'),'.blob.core.windows.net/vhds/',parameters('vmName'), 'datadisk24.vhd')]"
          },
          "createOption": "Empty",
          "caching": "[parameters('diskCaching')]",
          "diskSizeGB": "[parameters('diskSizeGB')]"
        }
      ],
      "25": [
        {
          "name": "[concat(parameters('vmName'),'-DataDisk25')]",
          "lun": 24,
          "vhd": {
            "uri": "[concat('http://', parameters('userImageStorageAccountName'),'.blob.core.windows.net/vhds/',parameters('vmName'), 'datadisk25.vhd')]"
          },
          "createOption": "Empty",
          "caching": "[parameters('diskCaching')]",
          "diskSizeGB": "[parameters('diskSizeGB')]"
        }
      ],
      "26": [
        {
          "name": "[concat(parameters('vmName'),'-DataDisk26')]",
          "lun": 25,
          "vhd": {
            "uri": "[concat('http://', parameters('userImageStorageAccountName'),'.blob.core.windows.net/vhds/',parameters('vmName'), 'datadisk26.vhd')]"
          },
          "createOption": "Empty",
          "caching": "[parameters('diskCaching')]",
          "diskSizeGB": "[parameters('diskSizeGB')]"
        }
      ],
      "27": [
        {
          "name": "[concat(parameters('vmName'),'-DataDisk27')]",
          "lun": 26,
          "vhd": {
            "uri": "[concat('http://', parameters('userImageStorageAccountName'),'.blob.core.windows.net/vhds/',parameters('vmName'), 'datadisk27.vhd')]"
          },
          "createOption": "Empty",
          "caching": "[parameters('diskCaching')]",
          "diskSizeGB": "[parameters('diskSizeGB')]"
        }
      ],
      "28": [
        {
          "name": "[concat(parameters('vmName'),'-DataDisk28')]",
          "lun": 27,
          "vhd": {
            "uri": "[concat('http://', parameters('userImageStorageAccountName'),'.blob.core.windows.net/vhds/',parameters('vmName'), 'datadisk28.vhd')]"
          },
          "createOption": "Empty",
          "caching": "[parameters('diskCaching')]",
          "diskSizeGB": "[parameters('diskSizeGB')]"
        }
      ],
      "29": [
        {
          "name": "[concat(parameters('vmName'),'-DataDisk29')]",
          "lun": 28,
          "vhd": {
            "uri": "[concat('http://', parameters('userImageStorageAccountName'),'.blob.core.windows.net/vhds/',parameters('vmName'), 'datadisk29.vhd')]"
          },
          "createOption": "Empty",
          "caching": "[parameters('diskCaching')]",
          "diskSizeGB": "[parameters('diskSizeGB')]"
        }
      ],
      "30": [
        {
          "name": "[concat(parameters('vmName'),'-DataDisk30')]",
          "lun": 29,
          "vhd": {
            "uri": "[concat('http://', parameters('userImageStorageAccountName'),'.blob.core.windows.net/vhds/',parameters('vmName'), 'datadisk30.vhd')]"
          },
          "createOption": "Empty",
          "caching": "[parameters('diskCaching')]",
          "diskSizeGB": "[parameters('diskSizeGB')]"
        }
      ],
      "31": [
        {
          "name": "[concat(parameters('vmName'),'-DataDisk31')]",
          "lun": 30,
          "vhd": {
            "uri": "[concat('http://', parameters('userImageStorageAccountName'),'.blob.core.windows.net/vhds/',parameters('vmName'), 'datadisk31.vhd')]"
          },
          "createOption": "Empty",
          "caching": "[parameters('diskCaching')]",
          "diskSizeGB": "[parameters('diskSizeGB')]"
        }
      ],
      "32": [
        {
          "name": "[concat(parameters('vmName'),'-DataDisk32')]",
          "lun": 31,
          "vhd": {
            "uri": "[concat('http://', parameters('userImageStorageAccountName'),'.blob.core.windows.net/vhds/',parameters('vmName'), 'datadisk32.vhd')]"
          },
          "createOption": "Empty",
          "caching": "[parameters('diskCaching')]",
          "diskSizeGB": "[parameters('diskSizeGB')]"
        }
      ],
      "33": [
        {
          "name": "[concat(parameters('vmName'),'-DataDisk33')]",
          "lun": 32,
          "vhd": {
            "uri": "[concat('http://', parameters('userImageStorageAccountName'),'.blob.core.windows.net/vhds/',parameters('vmName'), 'datadisk33.vhd')]"
          },
          "createOption": "Empty",
          "caching": "[parameters('diskCaching')]",
          "diskSizeGB": "[parameters('diskSizeGB')]"
        }
      ],
      "34": [
        {
          "name": "[concat(parameters('vmName'),'-DataDisk34')]",
          "lun": 33,
          "vhd": {
            "uri": "[concat('http://', parameters('userImageStorageAccountName'),'.blob.core.windows.net/vhds/',parameters('vmName'), 'datadisk34.vhd')]"
          },
          "createOption": "Empty",
          "caching": "[parameters('diskCaching')]",
          "diskSizeGB": "[parameters('diskSizeGB')]"
        }
      ],
      "35": [
        {
          "name": "[concat(parameters('vmName'),'-DataDisk35')]",
          "lun": 34,
          "vhd": {
            "uri": "[concat('http://', parameters('userImageStorageAccountName'),'.blob.core.windows.net/vhds/',parameters('vmName'), 'datadisk35.vhd')]"
          },
          "createOption": "Empty",
          "caching": "[parameters('diskCaching')]",
          "diskSizeGB": "[parameters('diskSizeGB')]"
        }
      ],
      "36": [
        {
          "name": "[concat(parameters('vmName'),'-DataDisk36')]",
          "lun": 35,
          "vhd": {
            "uri": "[concat('http://', parameters('userImageStorageAccountName'),'.blob.core.windows.net/vhds/',parameters('vmName'), 'datadisk36.vhd')]"
          },
          "createOption": "Empty",
          "caching": "[parameters('diskCaching')]",
          "diskSizeGB": "[parameters('diskSizeGB')]"
        }
      ],
      "37": [
        {
          "name": "[concat(parameters('vmName'),'-DataDisk37')]",
          "lun": 36,
          "vhd": {
            "uri": "[concat('http://', parameters('userImageStorageAccountName'),'.blob.core.windows.net/vhds/',parameters('vmName'), 'datadisk37.vhd')]"
          },
          "createOption": "Empty",
          "caching": "[parameters('diskCaching')]",
          "diskSizeGB": "[parameters('diskSizeGB')]"
        }
      ],
      "38": [
        {
          "name": "[concat(parameters('vmName'),'-DataDisk38')]",
          "lun": 37,
          "vhd": {
            "uri": "[concat('http://', parameters('userImageStorageAccountName'),'.blob.core.windows.net/vhds/',parameters('vmName'), 'datadisk38.vhd')]"
          },
          "createOption": "Empty",
          "caching": "[parameters('diskCaching')]",
          "diskSizeGB": "[parameters('diskSizeGB')]"
        }
      ],
      "39": [
        {
          "name": "[concat(parameters('vmName'),'-DataDisk39')]",
          "lun": 38,
          "vhd": {
            "uri": "[concat('http://', parameters('userImageStorageAccountName'),'.blob.core.windows.net/vhds/',parameters('vmName'), 'datadisk39.vhd')]"
          },
          "createOption": "Empty",
          "caching": "[parameters('diskCaching')]",
          "diskSizeGB": "[parameters('diskSizeGB')]"
        }
      ],
      "40": [
        {
          "name": "[concat(parameters('vmName'),'-DataDisk40')]",
          "lun": 39,
          "vhd": {
            "uri": "[concat('http://', parameters('userImageStorageAccountName'),'.blob.core.windows.net/vhds/',parameters('vmName'), 'datadisk40.vhd')]"
          },
          "createOption": "Empty",
          "caching": "[parameters('diskCaching')]",
          "diskSizeGB": "[parameters('diskSizeGB')]"
        }
      ],
      "41": [
        {
          "name": "[concat(parameters('vmName'),'-DataDisk41')]",
          "lun": 40,
          "vhd": {
            "uri": "[concat('http://', parameters('userImageStorageAccountName'),'.blob.core.windows.net/vhds/',parameters('vmName'), 'datadisk41.vhd')]"
          },
          "createOption": "Empty",
          "caching": "[parameters('diskCaching')]",
          "diskSizeGB": "[parameters('diskSizeGB')]"
        }
      ],
      "42": [
        {
          "name": "[concat(parameters('vmName'),'-DataDisk42')]",
          "lun": 41,
          "vhd": {
            "uri": "[concat('http://', parameters('userImageStorageAccountName'),'.blob.core.windows.net/vhds/',parameters('vmName'), 'datadisk42.vhd')]"
          },
          "createOption": "Empty",
          "caching": "[parameters('diskCaching')]",
          "diskSizeGB": "[parameters('diskSizeGB')]"
        }
      ],
      "43": [
        {
          "name": "[concat(parameters('vmName'),'-DataDisk43')]",
          "lun": 42,
          "vhd": {
            "uri": "[concat('http://', parameters('userImageStorageAccountName'),'.blob.core.windows.net/vhds/',parameters('vmName'), 'datadisk43.vhd')]"
          },
          "createOption": "Empty",
          "caching": "[parameters('diskCaching')]",
          "diskSizeGB": "[parameters('diskSizeGB')]"
        }
      ],
      "44": [
        {
          "name": "[concat(parameters('vmName'),'-DataDisk44')]",
          "lun": 43,
          "vhd": {
            "uri": "[concat('http://', parameters('userImageStorageAccountName'),'.blob.core.windows.net/vhds/',parameters('vmName'), 'datadisk44.vhd')]"
          },
          "createOption": "Empty",
          "caching": "[parameters('diskCaching')]",
          "diskSizeGB": "[parameters('diskSizeGB')]"
        }
      ],
      "45": [
        {
          "name": "[concat(parameters('vmName'),'-DataDisk45')]",
          "lun": 44,
          "vhd": {
            "uri": "[concat('http://', parameters('userImageStorageAccountName'),'.blob.core.windows.net/vhds/',parameters('vmName'), 'datadisk45.vhd')]"
          },
          "createOption": "Empty",
          "caching": "[parameters('diskCaching')]",
          "diskSizeGB": "[parameters('diskSizeGB')]"
        }
      ],
      "46": [
        {
          "name": "[concat(parameters('vmName'),'-DataDisk46')]",
          "lun": 45,
          "vhd": {
            "uri": "[concat('http://', parameters('userImageStorageAccountName'),'.blob.core.windows.net/vhds/',parameters('vmName'), 'datadisk46.vhd')]"
          },
          "createOption": "Empty",
          "caching": "[parameters('diskCaching')]",
          "diskSizeGB": "[parameters('diskSizeGB')]"
        }
      ],
      "47": [
        {
          "name": "[concat(parameters('vmName'),'-DataDisk47')]",
          "lun": 46,
          "vhd": {
            "uri": "[concat('http://', parameters('userImageStorageAccountName'),'.blob.core.windows.net/vhds/',parameters('vmName'), 'datadisk47.vhd')]"
          },
          "createOption": "Empty",
          "caching": "[parameters('diskCaching')]",
          "diskSizeGB": "[parameters('diskSizeGB')]"
        }
      ],
      "48": [
        {
          "name": "[concat(parameters('vmName'),'-DataDisk48')]",
          "lun": 47,
          "vhd": {
            "uri": "[concat('http://', parameters('userImageStorageAccountName'),'.blob.core.windows.net/vhds/',parameters('vmName'), 'datadisk48.vhd')]"
          },
          "createOption": "Empty",
          "caching": "[parameters('diskCaching')]",
          "diskSizeGB": "[parameters('diskSizeGB')]"
        }
      ],
      "49": [
        {
          "name": "[concat(parameters('vmName'),'-DataDisk49')]",
          "lun": 48,
          "vhd": {
            "uri": "[concat('http://', parameters('userImageStorageAccountName'),'.blob.core.windows.net/vhds/',parameters('vmName'), 'datadisk49.vhd')]"
          },
          "createOption": "Empty",
          "caching": "[parameters('diskCaching')]",
          "diskSizeGB": "[parameters('diskSizeGB')]"
        }
      ],
      "50": [
        {
          "name": "[concat(parameters('vmName'),'-DataDisk50')]",
          "lun": 49,
          "vhd": {
            "uri": "[concat('http://', parameters('userImageStorageAccountName'),'.blob.core.windows.net/vhds/',parameters('vmName'), 'datadisk50.vhd')]"
          },
          "createOption": "Empty",
          "caching": "[parameters('diskCaching')]",
          "diskSizeGB": "[parameters('diskSizeGB')]"
        }
      ],
      "51": [
        {
          "name": "[concat(parameters('vmName'),'-DataDisk51')]",
          "lun": 50,
          "vhd": {
            "uri": "[concat('http://', parameters('userImageStorageAccountName'),'.blob.core.windows.net/vhds/',parameters('vmName'), 'datadisk51.vhd')]"
          },
          "createOption": "Empty",
          "caching": "[parameters('diskCaching')]",
          "diskSizeGB": "[parameters('diskSizeGB')]"
        }
      ],
      "52": [
        {
          "name": "[concat(parameters('vmName'),'-DataDisk52')]",
          "lun": 51,
          "vhd": {
            "uri": "[concat('http://', parameters('userImageStorageAccountName'),'.blob.core.windows.net/vhds/',parameters('vmName'), 'datadisk52.vhd')]"
          },
          "createOption": "Empty",
          "caching": "[parameters('diskCaching')]",
          "diskSizeGB": "[parameters('diskSizeGB')]"
        }
      ],
      "53": [
        {
          "name": "[concat(parameters('vmName'),'-DataDisk53')]",
          "lun": 52,
          "vhd": {
            "uri": "[concat('http://', parameters('userImageStorageAccountName'),'.blob.core.windows.net/vhds/',parameters('vmName'), 'datadisk53.vhd')]"
          },
          "createOption": "Empty",
          "caching": "[parameters('diskCaching')]",
          "diskSizeGB": "[parameters('diskSizeGB')]"
        }
      ],
      "54": [
        {
          "name": "[concat(parameters('vmName'),'-DataDisk54')]",
          "lun": 53,
          "vhd": {
            "uri": "[concat('http://', parameters('userImageStorageAccountName'),'.blob.core.windows.net/vhds/',parameters('vmName'), 'datadisk54.vhd')]"
          },
          "createOption": "Empty",
          "caching": "[parameters('diskCaching')]",
          "diskSizeGB": "[parameters('diskSizeGB')]"
        }
      ],
      "55": [
        {
          "name": "[concat(parameters('vmName'),'-DataDisk55')]",
          "lun": 54,
          "vhd": {
            "uri": "[concat('http://', parameters('userImageStorageAccountName'),'.blob.core.windows.net/vhds/',parameters('vmName'), 'datadisk55.vhd')]"
          },
          "createOption": "Empty",
          "caching": "[parameters('diskCaching')]",
          "diskSizeGB": "[parameters('diskSizeGB')]"
        }
      ],
      "56": [
        {
          "name": "[concat(parameters('vmName'),'-DataDisk56')]",
          "lun": 55,
          "vhd": {
            "uri": "[concat('http://', parameters('userImageStorageAccountName'),'.blob.core.windows.net/vhds/',parameters('vmName'), 'datadisk56.vhd')]"
          },
          "createOption": "Empty",
          "caching": "[parameters('diskCaching')]",
          "diskSizeGB": "[parameters('diskSizeGB')]"
        }
      ],
      "57": [
        {
          "name": "[concat(parameters('vmName'),'-DataDisk57')]",
          "lun": 56,
          "vhd": {
            "uri": "[concat('http://', parameters('userImageStorageAccountName'),'.blob.core.windows.net/vhds/',parameters('vmName'), 'datadisk57.vhd')]"
          },
          "createOption": "Empty",
          "caching": "[parameters('diskCaching')]",
          "diskSizeGB": "[parameters('diskSizeGB')]"
        }
      ],
      "58": [
        {
          "name": "[concat(parameters('vmName'),'-DataDisk58')]",
          "lun": 57,
          "vhd": {
            "uri": "[concat('http://', parameters('userImageStorageAccountName'),'.blob.core.windows.net/vhds/',parameters('vmName'), 'datadisk58.vhd')]"
          },
          "createOption": "Empty",
          "caching": "[parameters('diskCaching')]",
          "diskSizeGB": "[parameters('diskSizeGB')]"
        }
      ],
      "59": [
        {
          "name": "[concat(parameters('vmName'),'-DataDisk59')]",
          "lun": 58,
          "vhd": {
            "uri": "[concat('http://', parameters('userImageStorageAccountName'),'.blob.core.windows.net/vhds/',parameters('vmName'), 'datadisk59.vhd')]"
          },
          "createOption": "Empty",
          "caching": "[parameters('diskCaching')]",
          "diskSizeGB": "[parameters('diskSizeGB')]"
        }
      ],
      "60": [
        {
          "name": "[concat(parameters('vmName'),'-DataDisk60')]",
          "lun": 59,
          "vhd": {
            "uri": "[concat('http://', parameters('userImageStorageAccountName'),'.blob.core.windows.net/vhds/',parameters('vmName'), 'datadisk60.vhd')]"
          },
          "createOption": "Empty",
          "caching": "[parameters('diskCaching')]",
          "diskSizeGB": "[parameters('diskSizeGB')]"
        }
      ],
      "61": [
        {
          "name": "[concat(parameters('vmName'),'-DataDisk61')]",
          "lun": 60,
          "vhd": {
            "uri": "[concat('http://', parameters('userImageStorageAccountName'),'.blob.core.windows.net/vhds/',parameters('vmName'), 'datadisk61.vhd')]"
          },
          "createOption": "Empty",
          "caching": "[parameters('diskCaching')]",
          "diskSizeGB": "[parameters('diskSizeGB')]"
        }
      ],
      "62": [
        {
          "name": "[concat(parameters('vmName'),'-DataDisk62')]",
          "lun": 61,
          "vhd": {
            "uri": "[concat('http://', parameters('userImageStorageAccountName'),'.blob.core.windows.net/vhds/',parameters('vmName'), 'datadisk62.vhd')]"
          },
          "createOption": "Empty",
          "caching": "[parameters('diskCaching')]",
          "diskSizeGB": "[parameters('diskSizeGB')]"
        }
      ],
      "63": [
        {
          "name": "[concat(parameters('vmName'),'-DataDisk63')]",
          "lun": 62,
          "vhd": {
            "uri": "[concat('http://', parameters('userImageStorageAccountName'),'.blob.core.windows.net/vhds/',parameters('vmName'), 'datadisk63.vhd')]"
          },
          "createOption": "Empty",
          "caching": "[parameters('diskCaching')]",
          "diskSizeGB": "[parameters('diskSizeGB')]"
        }
      ],
      "64": [
        {
          "name": "[concat(parameters('vmName'),'-DataDisk64')]",
          "lun": 63,
          "vhd": {
            "uri": "[concat('http://', parameters('userImageStorageAccountName'),'.blob.core.windows.net/vhds/',parameters('vmName'), 'datadisk64.vhd')]"
          },
          "createOption": "Empty",
          "caching": "[parameters('diskCaching')]",
          "diskSizeGB": "[parameters('diskSizeGB')]"
        }
      ]

    }
  },
   "outputs": {
      "dataDiskArray": {
        "value": "[variables('disksArray')[parameters('DiskCount')]]",
        "type": "array"
      }
    },
  "resources": []
}
