{
    "$schema": "https://schema.management.azure.com/schemas/2015-01-01/deploymentTemplate.json#",
    "contentVersion": "1.0.0.0",
  "parameters": {
    "vmName": {
      "type": "string",
      "metadata": {
        "description": "Name of the existing VM to apply the DSC configuration to"
      }
    },
    "vmSize": {
      "type": "string",
      "defaultValue": "Standard_A2",
      "metadata": {
        "description": "Standard_A2"
      }
    },
    "DiskConfig": {
      "type": "string",
      "defaultValue": "Win",
      "metadata": {
        "description": "IIS/SQLStd,SQLPrem/Win"
      }
    },
    "DiskCount": {
      "type": "string",
      "defaultValue": "1",
      "metadata": {
        "description": "0-16"
      }
    },
    "DiskSize": {
      "type": "int",
      "defaultValue": 200,
      "metadata": {
        "Description": "Azure VM size of the VM"
      }
    }
  },
  "variables": {
    
      "branch": "master",
      "folder": "/301-multi-vm-domain-join-build-dsc/",
      "baseURL": "[concat('https://raw.githubusercontent.com/Microsoft/MSITARM/',variables('branch'),variables('folder'))]",

    "deployWinZip": "scripts/Deploy-WinServer.ps1.zip",
    "configurationFunction": "Deploy-WinServer.ps1\\DeployWinServer",
    "modulesUrl": "[concat(variables('BaseURL'),variables('deployWinZip'))]"
    },
  "resources": [
    {
        "type": "Microsoft.Compute/virtualMachines/extensions",
        "name": "[concat(parameters('vmName'),'/Microsoft.Powershell.DSC')]",
        "apiVersion": "2015-06-15",
        "location": "[resourceGroup().location]",
        "properties": {
            "publisher": "Microsoft.Powershell",
            "type": "DSC",
            "typeHandlerVersion": "2.18",
            "autoUpgradeMinorVersion": true,
            "protectedSettings": {},
            "settings": {
                "ModulesUrl": "[variables('modulesUrl')]",
                "SasToken": "",
                "ConfigurationFunction": "[variables('configurationFunction')]",
                "Properties": []
            }
        }
    }]
}

