{
    "$schema": "https://schema.management.azure.com/schemas/2015-01-01/deploymentTemplate.json#",
    "contentVersion": "1.0.0.0",
    "parameters": {
     "vmName": {
            "type": "string",
            "metadata": {
                "description": "Name of the existing VM to apply the DSC configuration to"
            }
        },
     "vmSize": {
        "type": "string",
        "defaultValue": "A2",
        "metadata": {
          "description": "Azure VM Size"
        }
      },
     "DiskConfig": {
        "type": "string",
        "defaultValue": "",
        "metadata": {
          "description": "Azure VM Role, SQLStd, SQLPrem, IIS, Win"
        }
      },
     "DiskSize": {
        "type": "int",
        "defaultValue": 200,
        "maxValue": 1024,
        "metadata": {
          "description": "Azure Disk SizeGB"
        }
      },
     "DiskCount": {
      "type": "string",
        "allowedValues": [
          "0",
          "1",
          "2",
          "3",
          "4",
          "5",
          "6",
          "7",
          "8",
          "9",
          "10",
          "11",
          "12",
          "13",
          "14",
          "15",
          "16"
        ],
      "defaultValue": "2",
      "metadata": {
        "description": "Number of Disks for vm."
      }
    }
    },
  "variables": {
    
      "branch": "master",
      "folder": "/301-multi-vm-domain-join-build-dsc/",
      "baseURL": "[concat('https://raw.githubusercontent.com/Microsoft/MSITARM/',variables('branch'),variables('folder'))]",

    "configurationFunction": "FormatDataDisk.ps1\\FormatDataDisks",
    "formatDiskszip": "scripts/FormatDataDisk.ps1.zip",
    "diskarrayTemplate": "nested/DiskArray.json",

    "modulesUrl": "[concat(variables('BaseURL'),variables('formatDiskszip'))]",

    "SQLStdDisk": {
      "vmSize": "[parameters('vmSize')]",
      "SQLServer": {
        "DataPath": "H:\\MSSqlServer\\MSSQL\\DATA",
        "LogPath": "O:\\MSSqlServer\\MSSQL\\DATA",
        "TempDbPath": "D:\\MSSqlServer\\MSSQL\\DATA",
        "backupPath": "E:\\MSSqlServer\\MSSQL\\Backup"
      },
      "dataDisks": {
        "1": {
          "DiskName": "H",
          "DiskLabel": "Data",
          "DiskSize": "[parameters('DiskSize')]"
        },
        "2": {
          "DiskName": "O",
          "DiskLabel": "Logs",
          "DiskSize": "[parameters('DiskSize')]"
        },
        "3": {
          "DiskName": "E",
          "DiskLabel": "Backups",
          "DiskSize": "[parameters('DiskSize')]"
        }
      },
      "vmDiskTemplate": "[concat(variables('BaseURL'), variables('diskarrayTemplate'))]"
    },
    "SQLPremDisk": {
      "vmSize": "[parameters('vmSize')]",
      "SQLServer": {
        "DataPath": "H:\\MSSqlServer\\MSSQL\\DATA",
        "LogPath": "O:\\MSSqlServer\\MSSQL\\DATA",
        "TempDbPath": "T:\\MSSqlServer\\MSSQL\\DATA",
        "backupPath": "E:\\MSSqlServer\\MSSQL\\Backup"
      },
      "dataDisks": {
        "1": {
          "DiskName": "H",
          "DiskLabel": "Data",
          "DiskSize": "[parameters('DiskSize')]"
        },
        "2": {
          "DiskName": "O",
          "DiskLabel": "Logs",
          "DiskSize": "[parameters('DiskSize')]"
        },
        "3": {
          "DiskName": "E",
          "DiskLabel": "Backups",
          "DiskSize": "[parameters('DiskSize')]"
        },
        "4": {
          "DiskName": "T",
          "DiskLabel": "TempDB",
          "DiskSize": "[parameters('DiskSize')]"
        }
      },
      "vmDiskTemplate": "[concat(variables('BaseURL'), variables('diskarrayTemplate'))]"
    },
    "WinDisk": {
      "vmSize": "[parameters('vmSize')]",
      "dataDisks": {
        "1": {
          "DiskName": "E",
          "DiskLabel": "Data",
          "DiskSize": "[parameters('DiskSize')]"
        }
      },
      "vmDiskTemplate": "[concat(variables('BaseURL'), variables('diskarrayTemplate'))]"
    },
    "IISDisk": {
      "vmSize": "[parameters('vmSize')]",
      "dataDisks": {
        "1": {
          "DiskName": "E",
          "DiskLabel": "Data",
          "DiskSize": "[parameters('DiskSize')]"
        }
      },
      "vmDiskTemplate": "[concat(variables('BaseURL'), variables('diskarrayTemplate'))]"
    },
    "DiskSKU": "[variables(concat(parameters('DiskConfig'),'Disk'))]"
  },
    "resources": [
    {
        "type": "Microsoft.Compute/virtualMachines/extensions",
        "name": "[concat(parameters('vmName'),'/Microsoft.Powershell.DSC')]",
        "apiVersion": "2015-06-15",
        "location": "[resourceGroup().location]",
        "properties": {
            "publisher": "Microsoft.Powershell",
            "type": "DSC",
            "typeHandlerVersion": "2.18",
            "autoUpgradeMinorVersion": true,
            "protectedSettings": {  },
            "settings": {
                "ModulesUrl": "[variables('modulesUrl')]",
                "SasToken": "",
                "ConfigurationFunction": "[variables('configurationFunction')]",
              "Properties": [
                {
                        "Name": "Disks",
                        "Value": "[variables('DiskSKU').DataDisks]",
                        "TypeName": "System.Array"
                }
              ]
            }
        }
    }]
}

