{
    "$schema": "https://schema.management.azure.com/schemas/2015-01-01/deploymentTemplate.json#",
    "contentVersion": "1.0.0.0",
    "parameters": {
      "vmName": {
            "type": "string",
            "metadata": {
                "description": "Name of the existing VM to apply the DSC configuration to"
            }
        },
      "DiskConfig": {
          "type": "string",
          "defaultValue": "Win",
          "metadata": {
            "description": "IIS/SQLStd, SQLPrem/Win"
          }
        },
      "vmSize": {
        "type": "string",
        "defaultValue": "Standard_A2"
        },
      "DiskCount": {
        "type": "string",
        "allowedValues": [
          "0",
          "1",
          "2",
          "3",
          "4",
          "5",
          "6",
          "7",
          "8",
          "9",
          "10",
          "11",
          "12",
          "13",
          "14",
          "15",
          "16"
        ],
        "defaultValue": "2",
        "metadata": {
          "description": "Number of Disks for vm."
        }
      },
      "DiskSize": {
        "type": "int",
        "defaultValue": 200,
        "minValue": 10,
        "maxValue": 1024,
        "metadata": {
          "Description": "Azure VM size of the VM"
        }
      }
    },
    "variables": {
    
      "branch": "master",
      "folder":  "/301-multi-vm-domain-join-build-dsc/",
      "baseURL":  "[concat('https://raw.githubusercontent.com/Microsoft/MSITARM/',variables('branch'),variables('folder'))]",
    
    "deploySQLServerZip":  "scripts/Deploy-SQLServer.ps1.zip",
    "configurationFunction": "Deploy-SQLServer.ps1\\DeploySQLServer",
    
    "modulesUrl": "[concat(variables('BaseURL'),variables('deploySQLServerZip'))]",

    "diskCaching": "None",
    "SQLStdDisk": {
      "vmSize": "[parameters('vmSize')]",
      "SQLServer": {
        "DataPath": "H:\\MSSqlServer\\MSSQL\\DATA",
        "LogPath": "O:\\MSSqlServer\\MSSQL\\DATA",
        "TempDbPath": "D:\\MSSqlServer\\MSSQL\\DATA",
        "backupPath": "E:\\MSSqlServer\\MSSQL\\Backup"       
      },
      "dataDisks": {
        "1": {
          "DiskName": "H",
          "DiskLabel": "Data",
          "DiskSize": "[parameters('DiskSize')]"
        },
        "2": {
          "DiskName": "O",
          "DiskLabel": "Logs",
          "DiskSize": "[parameters('DiskSize')]"
        },
        "3": {
          "DiskName": "E",
          "DiskLabel": "Backups",
          "DiskSize": "[parameters('DiskSize')]"
        }
      },
      "vmDiskTemplate": "[concat(variables('BaseURL'), 'nested/DiskArray.json')]"
    },
    "SQLPremDisk": {
      "vmSize": "[parameters('vmSize')]",
      "SQLServer": {
        "DataPath": "H:\\MSSqlServer\\MSSQL\\DATA",
        "LogPath": "O:\\MSSqlServer\\MSSQL\\DATA",
        "TempDbPath": "T:\\MSSqlServer\\MSSQL\\DATA",
        "backupPath": "E:\\MSSqlServer\\MSSQL\\Backup"
      },
      "dataDisks": {
        "1": {
          "DiskName": "H",
          "DiskLabel": "Data",
           "DiskSize": "[parameters('DiskSize')]"
        },
        "2": {
          "DiskName": "O",
          "DiskLabel": "Logs",
           "DiskSize": "[parameters('DiskSize')]"
        },
        "3": {
          "DiskName": "E",
          "DiskLabel": "Backups",
          "DiskSize": "[parameters('DiskSize')]"
        },
         "4": {
          "DiskName": "T",
          "DiskLabel": "TempDB",
          "DiskSize": "[parameters('DiskSize')]"
        }
      },
      "vmDiskTemplate": "[concat(variables('BaseURL'), 'nested/DiskArray.json')]"
    },
    "WinDisk": {
      "vmSize": "[parameters('vmSize')]",
      "dataDisks": {
        "1": {
          "DiskName": "E",
          "DiskLabel": "Data",
            "DiskSize": "[parameters('DiskSize')]"
        }
      },
      "vmDiskTemplate": "[concat(variables('BaseURL'), 'nested/DiskArray.json')]"
    },
    "IISDisk": {
      "vmSize": "[parameters('vmSize')]",
      "dataDisks": {
        "1": {
          "DiskName": "E",
          "DiskLabel": "Data",
          "DiskSize": "[parameters('DiskSize')]"
        }
      },
      "vmDiskTemplate": "[concat(variables('BaseURL'), 'nested/DiskArray.json')]"
    },
    "DiskSKU": "[variables(concat(parameters('DiskConfig'),'Disk'))]"
  },
    "resources": [
      {
        "type": "Microsoft.Compute/virtualMachines/extensions",
        "name": "[concat(parameters('vmName'),'/Microsoft.Powershell.DSC')]",
        "apiVersion": "2015-06-15",
        "location": "[resourceGroup().location]",
        "properties": {
          "publisher": "Microsoft.Powershell",
          "type": "DSC",
          "typeHandlerVersion": "2.18",
          "autoUpgradeMinorVersion": true,
          "protectedSettings": { },
          "settings": {
            "ModulesUrl": "[variables('modulesUrl')]",
            "SasToken": "",
            "ConfigurationFunction": "[variables('configurationFunction')]",
            "Properties":  {
                    "DataPath": "[variables('DiskSKU').SQLServer.DataPath]",
                    "LogPath": "[variables('DiskSKU').SQLServer.LogPath]",
                    "BackupPath": "[variables('DiskSKU').SQLServer.BackupPath]",
                    "TempDBPath": "[variables('DiskSKU').SQLServer.TempDBPath]"
                }
            
          }
        }
      }
    ]
}

